[
{"title": "Những Nghi Phạm Thông Thường", "year": "1995", "duration": "1h 46min", "genres": null, "rating": "8.5", "url": "https://www.imdb.com/title/tt0114814/"},
{"title": "Nhà tù Shawshank", "year": "1994", "duration": "2h 22min", "genres": null, "rating": "9.3", "url": "https://www.imdb.com/title/tt0111161/"},
{"title": "Nghệ Sĩ Dương Cầm", "year": "2002", "duration": "2h 30min", "genres": null, "rating": "8.5", "url": "https://www.imdb.com/title/tt0253474/"},
{"title": "Leon: Sát Thủ Chuyên Nghiệp", "year": "1994", "duration": "1h 50min", "genres": null, "rating": "8.5", "url": "https://www.imdb.com/title/tt0110413/"},
{"title": "Vua Sư Tử", "year": "1994", "duration": "1h 28min", "genres": null, "rating": "8.5", "url": "https://www.imdb.com/title/tt0110357/"},
{"title": "Lịch Sử Mĩ Thế Kỉ X", "year": "1998", "duration": "1h 59min", "genres": null, "rating": "8.5", "url": "https://www.imdb.com/title/tt0120586/"},
{"title": "Võ Sĩ Giác Đấu", "year": "2000", "duration": "2h 35min", "genres": null, "rating": "8.5", "url": "https://www.imdb.com/title/tt0172495/"},
{"title": "Kẻ Hủy Diệt 2: Ngày Phán Xét", "year": "1991", "duration": "2h 17min", "genres": null, "rating": "8.5", "url": "https://www.imdb.com/title/tt0103064/"},
{"title": "Ảo Thuật Gia Đấu Trí", "year": "2006", "duration": "2h 10min", "genres": null, "rating": "8.5", "url": "https://www.imdb.com/title/tt0482571/"},
{"title": "Điệp Vụ Boston", "year": "2006", "duration": "2h 31min", "genres": null, "rating": "8.5", "url": "https://www.imdb.com/title/tt0407887/"},
{"title": "Whiplash", "year": "2014", "duration": "1h 46min", "genres": null, "rating": "8.5", "url": "https://www.imdb.com/title/tt2582802/"},
{"title": "Intouchables", "year": "2011", "duration": "1h 52min", "genres": null, "rating": "8.5", "url": "https://www.imdb.com/title/tt1675434/"},
{"title": "Cuộc Sống Tươi Đẹp", "year": "1946", "duration": "2h 10min", "genres": null, "rating": "8.6", "url": "https://www.imdb.com/title/tt0038650/"},
{"title": "Bảy Võ Sĩ Đạo", "year": "1954", "duration": "3h 27min", "genres": null, "rating": "8.6", "url": "https://www.imdb.com/title/tt0047478/"},
{"title": "Chiến Tranh Giữa Các Vì Sao Tập 4: Niềm Hi Vọng Mới", "year": "1977", "duration": "2h 1min", "genres": null, "rating": "8.6", "url": "https://www.imdb.com/title/tt0076759/"},
{"title": "Rear Window", "year": "1954", "duration": "1h 52min", "genres": null, "rating": "8.5", "url": "https://www.imdb.com/title/tt0047396/"},
{"title": "Chuyện Tình Thế Chiến", "year": "1942", "duration": "1h 42min", "genres": null, "rating": "8.5", "url": "https://www.imdb.com/title/tt0034583/"},
{"title": "Seppuku", "year": "1962", "duration": "2h 13min", "genres": null, "rating": "8.6", "url": "https://www.imdb.com/title/tt0056058/"},
{"title": "Khúc Hát Của Những Con Đường", "year": "1955", "duration": "2h 5min", "genres": null, "rating": "8.5", "url": "https://www.imdb.com/title/tt0048473/"},
{"title": "Thưở Ấy Miền Viễn Tây", "year": "1968", "duration": "2h 45min", "genres": null, "rating": "8.5", "url": "https://www.imdb.com/title/tt0064116/"},
{"title": "Psycho", "year": "1960", "duration": "1h 49min", "genres": null, "rating": "8.5", "url": "https://www.imdb.com/title/tt0054215/"},
{"title": "Trở Lại Tương Lai", "year": "1985", "duration": "1h 56min", "genres": null, "rating": "8.5", "url": "https://www.imdb.com/title/tt0088763/"},
{"title": "Mộ Đom Đóm", "year": "1988", "duration": "1h 29min", "genres": null, "rating": "8.5", "url": "https://www.imdb.com/title/tt0095327/"},
{"title": "Rạp Chiếu Bóng Thiên Đường", "year": "1988", "duration": "2h 35min", "genres": null, "rating": "8.5", "url": "https://www.imdb.com/title/tt0095765/"},
{"title": "Se7en", "year": "1995", "duration": "2h 7min", "genres": null, "rating": "8.6", "url": "https://www.imdb.com/title/tt0114369/"},
{"title": "Sự Im Lặng Của Bầy Cừu", "year": "1991", "duration": "1h 58min", "genres": null, "rating": "8.6", "url": "https://www.imdb.com/title/tt0102926/"},
{"title": "Cuộc Sống Tươi Đẹp", "year": "1997", "duration": "1h 56min", "genres": null, "rating": "8.6", "url": "https://www.imdb.com/title/tt0118799/"},
{"title": "Dặm Xanh", "year": "1999", "duration": "3h 9min", "genres": null, "rating": "8.6", "url": "https://www.imdb.com/title/tt0120689/"},
{"title": "Vùng Đất Linh Hồn", "year": "2001", "duration": "2h 5min", "genres": null, "rating": "8.6", "url": "https://www.imdb.com/title/tt0245429/"},
{"title": "Giải Cứu Binh Nhì Ryan", "year": "1998", "duration": "2h 49min", "genres": null, "rating": "8.6", "url": "https://www.imdb.com/title/tt0120815/"},
{"title": "Đến Mà Xem", "year": "1985", "duration": "2h 22min", "genres": null, "rating": "8.3", "url": "https://www.imdb.com/title/tt0091251/"},
{"title": "Những Kẻ Phản Bội", "year": "1992", "duration": "1h 39min", "genres": null, "rating": "8.3", "url": "https://www.imdb.com/title/tt0105236/"},
{"title": "Trái Tim Dũng Cảm", "year": "1995", "duration": "2h 58min", "genres": null, "rating": "8.3", "url": "https://www.imdb.com/title/tt0112573/"},
{"title": "Áo Giắp Sắt", "year": "1987", "duration": "1h 56min", "genres": null, "rating": "8.3", "url": "https://www.imdb.com/title/tt0093058/"},
{"title": "Câu Chuyện Đồ Chơi", "year": "1995", "duration": "1h 21min", "genres": null, "rating": "8.3", "url": "https://www.imdb.com/title/tt0114709/"},
{"title": "Bacheha-Ye aseman", "year": "1997", "duration": "1h 29min", "genres": null, "rating": "8.3", "url": "https://www.imdb.com/title/tt0118849/"},
{"title": "Thành Phố Của Chúa", "year": "2002", "duration": "2h 10min", "genres": null, "rating": "8.6", "url": "https://www.imdb.com/title/tt0317248/"},
{"title": "Chàng Will Tốt Bụng", "year": "1997", "duration": "2h 6min", "genres": null, "rating": "8.3", "url": "https://www.imdb.com/title/tt0119217/"},
{"title": "Vẻ Đẹp Mỹ", "year": "1999", "duration": "2h 2min", "genres": null, "rating": "8.3", "url": "https://www.imdb.com/title/tt0169547/"},
{"title": "Snatch", "year": "2000", "duration": "1h 44min", "genres": null, "rating": "8.3", "url": "https://www.imdb.com/title/tt0208092/"},
{"title": "Le fabuleux destin d'Amélie Poulain", "year": "2001", "duration": "2h 2min", "genres": null, "rating": "8.3", "url": "https://www.imdb.com/title/tt0211915/"},
{"title": "Nguyen Cau Cho Mot Giac Mo", "year": "2000", "duration": "1h 42min", "genres": null, "rating": "8.3", "url": "https://www.imdb.com/title/tt0180093/"},
{"title": "Tia Nắng Vĩnh Cửu Của Tâm Hồn Tinh Khiết", "year": "2004", "duration": "1h 48min", "genres": null, "rating": "8.3", "url": "https://www.imdb.com/title/tt0338013/"},
{"title": "The Father", "year": "2020", "duration": "1h 37min", "genres": null, "rating": "8.3", "url": "https://www.imdb.com/title/tt10272386/"},
{"title": "Thanh Gươm Diệt Quỷ: Chuyến Tàu Vô Tận", "year": "2020", "duration": "1h 57min", "genres": null, "rating": "8.3", "url": "https://www.imdb.com/title/tt11032374/"},
{"title": "Định Mệnh", "year": "2009", "duration": "2h 33min", "genres": null, "rating": "8.3", "url": "https://www.imdb.com/title/tt0361748/"},
{"title": "Loạn", "year": "1985", "duration": "2h 42min", "genres": null, "rating": "8.2", "url": "https://www.imdb.com/title/tt0089881/"},
{"title": "Đương Đầu Với Thử Thách", "year": "1988", "duration": "2h 12min", "genres": null, "rating": "8.2", "url": "https://www.imdb.com/title/tt0095016/"},
{"title": "Hàng Xóm Của Tôi Là Totoro", "year": "1988", "duration": "1h 26min", "genres": null, "rating": "8.2", "url": "https://www.imdb.com/title/tt0096283/"},
{"title": "Không Thể Tha Thứ", "year": "1992", "duration": "2h 10min", "genres": null, "rating": "8.2", "url": "https://www.imdb.com/title/tt0105695/"},
{"title": "Indiana Jones Và Cuộc Thập Tự Chinh Cuối Cùng", "year": "1989", "duration": "2h 7min", "genres": null, "rating": "8.2", "url": "https://www.imdb.com/title/tt0097576/"},
{"title": "Kỳ Phùng Địch Thủ", "year": "1995", "duration": "2h 50min", "genres": null, "rating": "8.2", "url": "https://www.imdb.com/title/tt0113277/"},
{"title": "Eskiya", "year": "1996", "duration": "2h 8min", "genres": null, "rating": "8.2", "url": "https://www.imdb.com/title/tt0116231/"},
{"title": "L.A. Confidential", "year": "1997", "duration": "2h 18min", "genres": null, "rating": "8.2", "url": "https://www.imdb.com/title/tt0119488/"},
{"title": "Sòng Bạc", "year": "1995", "duration": "2h 58min", "genres": null, "rating": "8.2", "url": "https://www.imdb.com/title/tt0112641/"},
{"title": "Băng Đảng Người Anh", "year": "1998", "duration": "1h 47min", "genres": null, "rating": "8.2", "url": "https://www.imdb.com/title/tt0120735/"},
{"title": "Lâu Đài Di Động Của Howl", "year": "2004", "duration": "1h 59min", "genres": null, "rating": "8.2", "url": "https://www.imdb.com/title/tt0347149/"},
{"title": "Một Tâm Hồn Đẹp", "year": "2001", "duration": "2h 15min", "genres": null, "rating": "8.2", "url": "https://www.imdb.com/title/tt0268978/"},
{"title": "Der Untergang", "year": "2004", "duration": "2h 36min", "genres": null, "rating": "8.2", "url": "https://www.imdb.com/title/tt0363163/"},
{"title": "Bò Đực Nổi Điên", "year": "1980", "duration": "2h 9min", "genres": null, "rating": "8.2", "url": "https://www.imdb.com/title/tt0081398/"},
{"title": "Đi Tìm Nemo", "year": "2003", "duration": "1h 40min", "genres": null, "rating": "8.1", "url": "https://www.imdb.com/title/tt0266543/"},
{"title": "Giết Bill Phần 1", "year": "2003", "duration": "1h 51min", "genres": null, "rating": "8.1", "url": "https://www.imdb.com/title/tt0266697/"},
{"title": "Before Sunset", "year": "2004", "duration": "1h 20min", "genres": null, "rating": "8.1", "url": "https://www.imdb.com/title/tt0381681/"},
{"title": "Salinui chueok", "year": "2003", "duration": "2h 11min", "genres": null, "rating": "8.1", "url": "https://www.imdb.com/title/tt0353969/"},
{"title": "Khách Sạn Rwanda", "year": "2004", "duration": "2h 1min", "genres": null, "rating": "8.1", "url": "https://www.imdb.com/title/tt0395169/"},
{"title": "Million Dollar Baby", "year": "2004", "duration": "2h 12min", "genres": null, "rating": "8.1", "url": "https://www.imdb.com/title/tt0405159/"},
{"title": "Không Chốn Dung Thân", "year": "2007", "duration": "2h 2min", "genres": null, "rating": "8.1", "url": "https://www.imdb.com/title/tt0477348/"},
{"title": "Chiến Binh Tự Do", "year": "2005", "duration": "2h 12min", "genres": null, "rating": "8.1", "url": "https://www.imdb.com/title/tt0434409/"},
{"title": "Into the Wild", "year": "2007", "duration": "2h 28min", "genres": null, "rating": "8.1", "url": "https://www.imdb.com/title/tt0758758/"},
{"title": "Bí Kíp Luyện Rồng", "year": "2010", "duration": "1h 38min", "genres": null, "rating": "8.1", "url": "https://www.imdb.com/title/tt0892769/"},
{"title": "Mary Và Max", "year": "2009", "duration": "1h 32min", "genres": null, "rating": "8.1", "url": "https://www.imdb.com/title/tt0978762/"},
{"title": "Gran Torino", "year": "2008", "duration": "1h 56min", "genres": null, "rating": "8.1", "url": "https://www.imdb.com/title/tt1205489/"},
{"title": "Warrior", "year": "2011", "duration": "2h 20min", "genres": null, "rating": "8.1", "url": "https://www.imdb.com/title/tt1291584/"},
{"title": "Max Điên: Con Đường Tử Thần", "year": "2015", "duration": "2h", "genres": null, "rating": "8.1", "url": "https://www.imdb.com/title/tt1392190/"},
{"title": "The General", "year": "1926", "duration": "1h 7min", "genres": null, "rating": "8.1", "url": "https://www.imdb.com/title/tt0017925/"},
{"title": "La passion de Jeanne d'Arc", "year": "1928", "duration": "1h 50min", "genres": null, "rating": "8.1", "url": "https://www.imdb.com/title/tt0019254/"},
{"title": "Hachi: A Dog's Tale", "year": "2009", "duration": "1h 33min", "genres": null, "rating": "8.1", "url": "https://www.imdb.com/title/tt1028532/"},
{"title": "Sunrise: A Song of Two Humans", "year": "1927", "duration": "1h 34min", "genres": null, "rating": "8.1", "url": "https://www.imdb.com/title/tt0018455/"},
{"title": "Harry Potter và Bảo Bối Tử Thần: Phần 2", "year": "2011", "duration": "2h 10min", "genres": null, "rating": "8.1", "url": "https://www.imdb.com/title/tt1201607/"},
{"title": "Cuốn Theo Chiều Gió", "year": "1939", "duration": "3h 58min", "genres": null, "rating": "8.1", "url": "https://www.imdb.com/title/tt0031381/"},
{"title": "Chuyện Xảy Ra Trong Đêm", "year": "1934", "duration": "1h 45min", "genres": null, "rating": "8.1", "url": "https://www.imdb.com/title/tt0025316/"},
{"title": "Mr. Smith Goes to Washington", "year": "1939", "duration": "2h 9min", "genres": null, "rating": "8.1", "url": "https://www.imdb.com/title/tt0031679/"},
{"title": "Rebecca", "year": "1940", "duration": "2h 10min", "genres": null, "rating": "8.1", "url": "https://www.imdb.com/title/tt0032976/"},
{"title": "Người Thứ Ba", "year": "1949", "duration": "1h 44min", "genres": null, "rating": "8.1", "url": "https://www.imdb.com/title/tt0041959/"},
{"title": "Du rififi chez les hommes", "year": "1955", "duration": "1h 58min", "genres": null, "rating": "8.1", "url": "https://www.imdb.com/title/tt0048021/"},
{"title": "On the Waterfront", "year": "1954", "duration": "1h 48min", "genres": null, "rating": "8.1", "url": "https://www.imdb.com/title/tt0047296/"},
{"title": "Le salaire de la peur", "year": "1953", "duration": "2h 11min", "genres": null, "rating": "8.1", "url": "https://www.imdb.com/title/tt0046268/"},
{"title": "Le notti di Cabiria", "year": "1957", "duration": "1h 50min", "genres": null, "rating": "8.1", "url": "https://www.imdb.com/title/tt0050783/"},
{"title": "Chiếc Cầu Trên Sông Kwai", "year": "1957", "duration": "2h 41min", "genres": null, "rating": "8.1", "url": "https://www.imdb.com/title/tt0050212/"},
{"title": "Les quatre cents coups", "year": "1959", "duration": "1h 39min", "genres": null, "rating": "8.1", "url": "https://www.imdb.com/title/tt0053198/"},
{"title": "La battaglia di Algeri", "year": "1966", "duration": "2h 1min", "genres": null, "rating": "8.1", "url": "https://www.imdb.com/title/tt0058946/"},
{"title": "Strasti po Andreyu", "year": "1966", "duration": "3h 25min", "genres": null, "rating": "8.1", "url": "https://www.imdb.com/title/tt0060107/"},
{"title": "Persona", "year": "1966", "duration": "1h 25min", "genres": null, "rating": "8.1", "url": "https://www.imdb.com/title/tt0060827/"},
{"title": "Ben-Hur", "year": "1959", "duration": "3h 32min", "genres": null, "rating": "8.1", "url": "https://www.imdb.com/title/tt0052618/"},
{"title": "Cool Hand Luke", "year": "1967", "duration": "2h 7min", "genres": null, "rating": "8.1", "url": "https://www.imdb.com/title/tt0061512/"},
{"title": "Barry Lyndon", "year": "1975", "duration": "3h 5min", "genres": null, "rating": "8.1", "url": "https://www.imdb.com/title/tt0072684/"},
{"title": "Tay Đấm Huyền Thoại", "year": "1976", "duration": "2h", "genres": null, "rating": "8.1", "url": "https://www.imdb.com/title/tt0075148/"},
{"title": "Network", "year": "1976", "duration": "2h 1min", "genres": null, "rating": "8.1", "url": "https://www.imdb.com/title/tt0074958/"},
{"title": "Life of Brian", "year": "1979", "duration": "1h 34min", "genres": null, "rating": "8.1", "url": "https://www.imdb.com/title/tt0079470/"},
{"title": "Kẻ Săn Hươu", "year": "1978", "duration": "3h 3min", "genres": null, "rating": "8.1", "url": "https://www.imdb.com/title/tt0077416/"},
{"title": "Stalker", "year": "1979", "duration": "2h 42min", "genres": null, "rating": "8.1", "url": "https://www.imdb.com/title/tt0079944/"},
{"title": "Người Voi", "year": "1980", "duration": "2h 4min", "genres": null, "rating": "8.1", "url": "https://www.imdb.com/title/tt0080678/"},
{"title": "Tội Phạm Nhân Bản", "year": "1982", "duration": "1h 57min", "genres": null, "rating": "8.1", "url": "https://www.imdb.com/title/tt0083658/"},
{"title": "Fanny och Alexander", "year": "1982", "duration": "3h 8min", "genres": null, "rating": "8.1", "url": "https://www.imdb.com/title/tt0083922/"},
{"title": "Quái Vật Biến Hình", "year": "1982", "duration": "1h 49min", "genres": null, "rating": "8.1", "url": "https://www.imdb.com/title/tt0084787/"},
{"title": "Kaze no tani no Naushika", "year": "1984", "duration": "1h 57min", "genres": null, "rating": "8.1", "url": "https://www.imdb.com/title/tt0087544/"},
{"title": "Paris, Texas", "year": "1984", "duration": "2h 25min", "genres": null, "rating": "8.1", "url": "https://www.imdb.com/title/tt0087884/"},
{"title": "Trung Đội", "year": "1986", "duration": "2h", "genres": null, "rating": "8.1", "url": "https://www.imdb.com/title/tt0091763/"},
{"title": "Stand by Me", "year": "1986", "duration": "1h 29min", "genres": null, "rating": "8.1", "url": "https://www.imdb.com/title/tt0092005/"},
{"title": "In the Name of the Father", "year": "1993", "duration": "2h 13min", "genres": null, "rating": "8.1", "url": "https://www.imdb.com/title/tt0107207/"},
{"title": "Công Viên Kỷ Jura", "year": "1993", "duration": "2h 7min", "genres": null, "rating": "8.1", "url": "https://www.imdb.com/title/tt0107290/"},
{"title": "Trois couleurs: Rouge", "year": "1994", "duration": "1h 39min", "genres": null, "rating": "8.1", "url": "https://www.imdb.com/title/tt0111495/"},
{"title": "The Princess Bride", "year": "1987", "duration": "1h 38min", "genres": null, "rating": "8.1", "url": "https://www.imdb.com/title/tt0093779/"},
{"title": "Dead Poets Society", "year": "1989", "duration": "2h 8min", "genres": null, "rating": "8.1", "url": "https://www.imdb.com/title/tt0097165/"},
{"title": "Before Sunrise", "year": "1995", "duration": "1h 41min", "genres": null, "rating": "8.1", "url": "https://www.imdb.com/title/tt0112471/"},
{"title": "La haine", "year": "1995", "duration": "1h 38min", "genres": null, "rating": "8.1", "url": "https://www.imdb.com/title/tt0113247/"},
{"title": "Trainspotting", "year": "1996", "duration": "1h 33min", "genres": null, "rating": "8.1", "url": "https://www.imdb.com/title/tt0117951/"},
{"title": "Bá Tước Lebowski", "year": "1998", "duration": "1h 57min", "genres": null, "rating": "8.1", "url": "https://www.imdb.com/title/tt0118715/"},
{"title": "Tâm trạng khi yêu", "year": "2000", "duration": "1h 38min", "genres": null, "rating": "8.1", "url": "https://www.imdb.com/title/tt0118694/"},
{"title": "Buổi Diễn Của Truman", "year": "1998", "duration": "1h 43min", "genres": null, "rating": "8.1", "url": "https://www.imdb.com/title/tt0120382/"},
{"title": "Giác Quan Thứ Sáu", "year": "1999", "duration": "1h 47min", "genres": null, "rating": "8.1", "url": "https://www.imdb.com/title/tt0167404/"},
{"title": "Fargo", "year": "1996", "duration": "1h 38min", "genres": null, "rating": "8.1", "url": "https://www.imdb.com/title/tt0116282/"},
{"title": "Công Ty Quái Vật", "year": "2001", "duration": "1h 32min", "genres": null, "rating": "8.1", "url": "https://www.imdb.com/title/tt0198781/"},
{"title": "Shin seiki Evangelion Gekijô-ban: Air/Magokoro wo, kimi ni", "year": "1997", "duration": "1h 27min", "genres": null, "rating": "8.1", "url": "https://www.imdb.com/title/tt0169858/"},
{"title": "Amores perros", "year": "2000", "duration": "2h 34min", "genres": null, "rating": "8.1", "url": "https://www.imdb.com/title/tt0245712/"},
{"title": "Spotlight", "year": "2015", "duration": "2h 9min", "genres": null, "rating": "8.1", "url": "https://www.imdb.com/title/tt1895587/"},
{"title": "Hãy Bắt Tôi Nếu Có Thể", "year": "2002", "duration": "2h 21min", "genres": null, "rating": "8.1", "url": "https://www.imdb.com/title/tt0264464/"},
{"title": "Lần Theo Dấu Vết", "year": "2013", "duration": "2h 33min", "genres": null, "rating": "8.1", "url": "https://www.imdb.com/title/tt1392214/"},
{"title": "Cuộc Đua Lịch Sử", "year": "2019", "duration": "2h 32min", "genres": null, "rating": "8.1", "url": "https://www.imdb.com/title/tt1950186/"},
{"title": "Những Mảnh Ghép Cảm Xúc", "year": "2015", "duration": "1h 35min", "genres": null, "rating": "8.1", "url": "https://www.imdb.com/title/tt2096673/"},
{"title": "12 Năm Nô Lệ", "year": "2013", "duration": "2h 14min", "genres": null, "rating": "8.1", "url": "https://www.imdb.com/title/tt2024544/"},
{"title": "Đường Đua Nghẹt Thở", "year": "2013", "duration": "2h 3min", "genres": null, "rating": "8.1", "url": "https://www.imdb.com/title/tt1979320/"},
{"title": "Người Hùng Không Súng", "year": "2016", "duration": "2h 19min", "genres": null, "rating": "8.1", "url": "https://www.imdb.com/title/tt2119532/"},
{"title": "Cô Gái Mất Tích", "year": "2014", "duration": "2h 29min", "genres": null, "rating": "8.1", "url": "https://www.imdb.com/title/tt2267998/"},
{"title": "Relatos salvajes", "year": "2014", "duration": "2h 2min", "genres": null, "rating": "8.1", "url": "https://www.imdb.com/title/tt3011894/"},
{"title": "Ah-ga-ssi", "year": "2016", "duration": "2h 25min", "genres": null, "rating": "8.1", "url": "https://www.imdb.com/title/tt4016934/"},
{"title": "Khách Sạn Đế Vương", "year": "2014", "duration": "1h 39min", "genres": null, "rating": "8.1", "url": "https://www.imdb.com/title/tt2278388/"},
{"title": "Room", "year": "2015", "duration": "1h 58min", "genres": null, "rating": "8.1", "url": "https://www.imdb.com/title/tt3170832/"},
{"title": "Sherlock Jr.", "year": "1924", "duration": "45min", "genres": null, "rating": "8.2", "url": "https://www.imdb.com/title/tt0015324/"},
{"title": "Three Billboards: Truy Tìm Công Lý", "year": "2017", "duration": "1h 55min", "genres": null, "rating": "8.1", "url": "https://www.imdb.com/title/tt5027774/"},
{"title": "To Be or Not to Be", "year": "1942", "duration": "1h 39min", "genres": null, "rating": "8.2", "url": "https://www.imdb.com/title/tt0035446/"},
{"title": "Logan: Người Sói", "year": "2017", "duration": "2h 17min", "genres": null, "rating": "8.1", "url": "https://www.imdb.com/title/tt3315342/"},
{"title": "Kho Báu Ở Sierra Madre", "year": "1948", "duration": "2h 6min", "genres": null, "rating": "8.2", "url": "https://www.imdb.com/title/tt0040897/"},
{"title": "All About Eve", "year": "1950", "duration": "2h 18min", "genres": null, "rating": "8.2", "url": "https://www.imdb.com/title/tt0042192/"},
{"title": "Cuộc Săn Vàng", "year": "1925", "duration": "1h 35min", "genres": null, "rating": "8.2", "url": "https://www.imdb.com/title/tt0015864/"},
{"title": "Lã Sinh Môn", "year": "1950", "duration": "1h 28min", "genres": null, "rating": "8.2", "url": "https://www.imdb.com/title/tt0042876/"},
{"title": "Câu Chuyện Tokyo", "year": "1953", "duration": "2h 16min", "genres": null, "rating": "8.2", "url": "https://www.imdb.com/title/tt0046438/"},
{"title": "Cuộc Gọi Chết Người", "year": "1954", "duration": "1h 45min", "genres": null, "rating": "8.2", "url": "https://www.imdb.com/title/tt0046912/"},
{"title": "Phong Ấn Thứ Bảy", "year": "1957", "duration": "1h 36min", "genres": null, "rating": "8.2", "url": "https://www.imdb.com/title/tt0050976/"},
{"title": "Tòa Án Chiến Tranh", "year": "1961", "duration": "2h 59min", "genres": null, "rating": "8.2", "url": "https://www.imdb.com/title/tt0055031/"},
{"title": "Some Like It Hot", "year": "1959", "duration": "2h 1min", "genres": null, "rating": "8.2", "url": "https://www.imdb.com/title/tt0053291/"},
{"title": "Smultronstället", "year": "1957", "duration": "1h 31min", "genres": null, "rating": "8.2", "url": "https://www.imdb.com/title/tt0050986/"},
{"title": "Cuộc Đào Thoát Vĩ Đại", "year": "1963", "duration": "2h 52min", "genres": null, "rating": "8.2", "url": "https://www.imdb.com/title/tt0057115/"},
{"title": "Yôjinbô", "year": "1961", "duration": "1h 50min", "genres": null, "rating": "8.2", "url": "https://www.imdb.com/title/tt0055630/"},
{"title": "Chinatown", "year": "1974", "duration": "2h 10min", "genres": null, "rating": "8.2", "url": "https://www.imdb.com/title/tt0071315/"},
{"title": "Höstsonaten", "year": "1978", "duration": "1h 39min", "genres": null, "rating": "8.2", "url": "https://www.imdb.com/title/tt0077711/"},
{"title": "Người Dơi Xuất Hiện", "year": "2005", "duration": "2h 20min", "genres": null, "rating": "8.2", "url": "https://www.imdb.com/title/tt0372784/"},
{"title": "Tài Xế Taxi", "year": "1976", "duration": "1h 54min", "genres": null, "rating": "8.2", "url": "https://www.imdb.com/title/tt0075314/"},
{"title": "Thêm Vài Đồng Xu Lẻ", "year": "1965", "duration": "2h 12min", "genres": null, "rating": "8.2", "url": "https://www.imdb.com/title/tt0059578/"},
{"title": "Chén Thánh Phiêu Lưu Ký", "year": "1975", "duration": "1h 31min", "genres": null, "rating": "8.2", "url": "https://www.imdb.com/title/tt0071853/"},
{"title": "Câu Chuyện Đồ Chơi 3", "year": "2010", "duration": "1h 43min", "genres": null, "rating": "8.2", "url": "https://www.imdb.com/title/tt0435761/"},
{"title": "Mê Cung Của Pan", "year": "2006", "duration": "1h 58min", "genres": null, "rating": "8.2", "url": "https://www.imdb.com/title/tt0457430/"},
{"title": "Máu Sẽ Phải Đổ", "year": "2007", "duration": "2h 38min", "genres": null, "rating": "8.2", "url": "https://www.imdb.com/title/tt0469494/"},
{"title": "Cha Và Con Của Tôi", "year": "2005", "duration": "1h 52min", "genres": null, "rating": "8.2", "url": "https://www.imdb.com/title/tt0476735/"},
{"title": "Đảo Kinh Hoàng", "year": "2010", "duration": "2h 18min", "genres": null, "rating": "8.2", "url": "https://www.imdb.com/title/tt1130884/"},
{"title": "Sói Già Phố Wall", "year": "2013", "duration": "3h", "genres": null, "rating": "8.2", "url": "https://www.imdb.com/title/tt0993846/"},
{"title": "Vút Bay", "year": "2009", "duration": "1h 36min", "genres": null, "rating": "8.2", "url": "https://www.imdb.com/title/tt1049413/"},
{"title": "Gangs of Wasseypur", "year": "2012", "duration": "5h 21min", "genres": null, "rating": "8.2", "url": "https://www.imdb.com/title/tt1954470/"},
{"title": "Klaus - Câu Chuyện Giáng Sinh", "year": "2019", "duration": "1h 36min", "genres": null, "rating": "8.2", "url": "https://www.imdb.com/title/tt4729430/"},
{"title": "Bí Mật Sau Ánh Mắt", "year": "2009", "duration": "2h 9min", "genres": null, "rating": "8.2", "url": "https://www.imdb.com/title/tt1305806/"},
{"title": "Cẩm Nang Xanh", "year": "2018", "duration": "2h 10min", "genres": null, "rating": "8.2", "url": "https://www.imdb.com/title/tt6966692/"},
{"title": "Dáng Hình Thanh Âm", "year": "2016", "duration": "2h 10min", "genres": null, "rating": "8.2", "url": "https://www.imdb.com/title/tt5323662/"},
{"title": "Đứa Trẻ", "year": "1921", "duration": "1h 8min", "genres": null, "rating": "8.3", "url": "https://www.imdb.com/title/tt0012349/"},
{"title": "Metropolis", "year": "1927", "duration": "2h 33min", "genres": null, "rating": "8.3", "url": "https://www.imdb.com/title/tt0017136/"},
{"title": "Double Indemnity", "year": "1944", "duration": "1h 47min", "genres": null, "rating": "8.3", "url": "https://www.imdb.com/title/tt0036775/"},
{"title": "Công Dân Kane", "year": "1941", "duration": "1h 59min", "genres": null, "rating": "8.3", "url": "https://www.imdb.com/title/tt0033467/"},
{"title": "M - Eine Stadt sucht einen Mörder", "year": "1931", "duration": "1h 57min", "genres": null, "rating": "8.3", "url": "https://www.imdb.com/title/tt0022100/"},
{"title": "Kẻ Trộm Xe Đạp", "year": "1948", "duration": "1h 29min", "genres": null, "rating": "8.3", "url": "https://www.imdb.com/title/tt0040522/"},
{"title": "Phải Sống", "year": "1952", "duration": "2h 23min", "genres": null, "rating": "8.3", "url": "https://www.imdb.com/title/tt0044741/"},
{"title": "Hát Dưới Mưa", "year": "1952", "duration": "1h 43min", "genres": null, "rating": "8.3", "url": "https://www.imdb.com/title/tt0045152/"},
{"title": "Vertigo", "year": "1958", "duration": "2h 8min", "genres": null, "rating": "8.3", "url": "https://www.imdb.com/title/tt0052357/"},
{"title": "Andhadhun", "year": "2018", "duration": "2h 19min", "genres": null, "rating": "8.2", "url": "https://www.imdb.com/title/tt8108198/"},
{"title": "Bắc Tây Bắc", "year": "1959", "duration": "2h 16min", "genres": null, "rating": "8.3", "url": "https://www.imdb.com/title/tt0053125/"},
{"title": "The Apartment", "year": "1960", "duration": "2h 5min", "genres": null, "rating": "8.3", "url": "https://www.imdb.com/title/tt0053604/"},
{"title": "Lawrence Xứ Ả Rập", "year": "1962", "duration": "3h 48min", "genres": null, "rating": "8.3", "url": "https://www.imdb.com/title/tt0056172/"},
{"title": "Giết Con Chim Nhại", "year": "1962", "duration": "2h 9min", "genres": null, "rating": "8.3", "url": "https://www.imdb.com/title/tt0056592/"},
{"title": "2001: Chuyến Du Hành Không Gian", "year": "1968", "duration": "2h 29min", "genres": null, "rating": "8.3", "url": "https://www.imdb.com/title/tt0062622/"},
{"title": "Z", "year": "1969", "duration": "2h 7min", "genres": null, "rating": "8.3", "url": "https://www.imdb.com/title/tt0065234/"},
{"title": "Cỗ Máy Tội Phạm", "year": "1971", "duration": "2h 16min", "genres": null, "rating": "8.3", "url": "https://www.imdb.com/title/tt0066921/"},
{"title": "Trận Chiến Tàu Ngầm", "year": "1981", "duration": "2h 29min", "genres": null, "rating": "8.3", "url": "https://www.imdb.com/title/tt0082096/"},
{"title": "The Sting", "year": "1973", "duration": "2h 9min", "genres": null, "rating": "8.3", "url": "https://www.imdb.com/title/tt0070735/"},
{"title": "Chiến Tranh Giữa Các Vì Sao Tập 6: Sự Quay Trở Lại Của Jedi", "year": "1983", "duration": "2h 11min", "genres": null, "rating": "8.3", "url": "https://www.imdb.com/title/tt0086190/"},
{"title": "Mặt Sẹo", "year": "1983", "duration": "2h 50min", "genres": null, "rating": "8.3", "url": "https://www.imdb.com/title/tt0086250/"},
{"title": "Amadeus", "year": "1984", "duration": "2h 40min", "genres": null, "rating": "8.3", "url": "https://www.imdb.com/title/tt0086879/"},
{"title": "Nước Mỹ Một Thời", "year": "1984", "duration": "3h 49min", "genres": null, "rating": "8.3", "url": "https://www.imdb.com/title/tt0087843/"},
{"title": "Incendies", "year": "2010", "duration": "2h 11min", "genres": null, "rating": "8.3", "url": "https://www.imdb.com/title/tt1255953/"},
{"title": "Jodaeiye Nader az Simin", "year": "2011", "duration": "2h 3min", "genres": null, "rating": "8.3", "url": "https://www.imdb.com/title/tt1832382/"},
{"title": "Những Người Ngoài Hành Tinh", "year": "1986", "duration": "2h 17min", "genres": null, "rating": "8.3", "url": "https://www.imdb.com/title/tt0090605/"},
{"title": "Cuộc Săn Lùng", "year": "2012", "duration": "1h 55min", "genres": null, "rating": "8.3", "url": "https://www.imdb.com/title/tt2106476/"},
{"title": "Thế Chiến 1917", "year": "2019", "duration": "1h 59min", "genres": null, "rating": "8.3", "url": "https://www.imdb.com/title/tt8579674/"},
{"title": "Nhà Độc Tài Vĩ Đại", "year": "1940", "duration": "2h 5min", "genres": null, "rating": "8.4", "url": "https://www.imdb.com/title/tt0032553/"},
{"title": "Đại Lộ Hoàng Hôn", "year": "1950", "duration": "1h 50min", "genres": null, "rating": "8.4", "url": "https://www.imdb.com/title/tt0043014/"},
{"title": "Đường Tới Vinh Quang", "year": "1957", "duration": "1h 28min", "genres": null, "rating": "8.4", "url": "https://www.imdb.com/title/tt0050825/"},
{"title": "Nhân Chứng Buộc Tội", "year": "1957", "duration": "1h 56min", "genres": null, "rating": "8.4", "url": "https://www.imdb.com/title/tt0051201/"},
{"title": "Tiến Sĩ Strangelove", "year": "1964", "duration": "1h 35min", "genres": null, "rating": "8.4", "url": "https://www.imdb.com/title/tt0057012/"},
{"title": "Cuộc Chiến Băng Đảng", "year": "1963", "duration": "2h 23min", "genres": null, "rating": "8.4", "url": "https://www.imdb.com/title/tt0057565/"},
{"title": "Người Ngoài Hành Tinh", "year": "1979", "duration": "1h 57min", "genres": null, "rating": "8.4", "url": "https://www.imdb.com/title/tt0078748/"},
{"title": "The Shining", "year": "1980", "duration": "2h 26min", "genres": null, "rating": "8.4", "url": "https://www.imdb.com/title/tt0081505/"},
{"title": "Apocalypse Now", "year": "1979", "duration": "2h 27min", "genres": null, "rating": "8.4", "url": "https://www.imdb.com/title/tt0078788/"},
{"title": "Indiana Jones Và Chiếc Rương Thánh Tích", "year": "1981", "duration": "1h 55min", "genres": null, "rating": "8.4", "url": "https://www.imdb.com/title/tt0082971/"},
{"title": "Công Chúa Mononoke", "year": "1997", "duration": "2h 14min", "genres": null, "rating": "8.4", "url": "https://www.imdb.com/title/tt0119698/"},
{"title": "Oldeuboi", "year": "2003", "duration": "2h", "genres": null, "rating": "8.4", "url": "https://www.imdb.com/title/tt0364569/"},
{"title": "Cuộc Sống Của Những Người Phía Bên Kia", "year": "2006", "duration": "2h 17min", "genres": null, "rating": "8.4", "url": "https://www.imdb.com/title/tt0405094/"},
{"title": "Memento", "year": "2000", "duration": "1h 53min", "genres": null, "rating": "8.4", "url": "https://www.imdb.com/title/tt0209144/"},
{"title": "Cậu Bé Đặc Biệt", "year": "2007", "duration": "2h 45min", "genres": null, "rating": "8.4", "url": "https://www.imdb.com/title/tt0986264/"},
{"title": "Hành Tinh Cát", "year": "2021", "duration": "2h 35min", "genres": null, "rating": "8.4", "url": "https://www.imdb.com/title/tt1160419/"},
{"title": "Rô-bốt Biết Yêu", "year": "2008", "duration": "1h 38min", "genres": null, "rating": "8.4", "url": "https://www.imdb.com/title/tt0910970/"},
{"title": "3 Chàng Ngốc", "year": "2009", "duration": "2h 50min", "genres": null, "rating": "8.4", "url": "https://www.imdb.com/title/tt1187043/"},
{"title": "Coco", "year": "2017", "duration": "1h 45min", "genres": null, "rating": "8.4", "url": "https://www.imdb.com/title/tt2380307/"},
{"title": "Kỵ Sĩ Bóng Đêm Trỗi Dậy", "year": "2012", "duration": "2h 44min", "genres": null, "rating": "8.4", "url": "https://www.imdb.com/title/tt1345836/"},
{"title": "Hành Trình Django", "year": "2012", "duration": "2h 45min", "genres": null, "rating": "8.4", "url": "https://www.imdb.com/title/tt1853728/"},
{"title": "Avengers: Cuộc Chiến Vô Cực", "year": "2018", "duration": "2h 29min", "genres": null, "rating": "8.4", "url": "https://www.imdb.com/title/tt4154756/"},
{"title": "Dangal", "year": "2016", "duration": "2h 41min", "genres": null, "rating": "8.4", "url": "https://www.imdb.com/title/tt5074352/"},
{"title": "Avengers: Hồi Kết", "year": "2019", "duration": "3h 1min", "genres": null, "rating": "8.4", "url": "https://www.imdb.com/title/tt4154796/"},
{"title": "Joker", "year": "2019", "duration": "2h 2min", "genres": null, "rating": "8.4", "url": "https://www.imdb.com/title/tt7286456/"},
{"title": "Tên Cậu Là Gì?", "year": "2016", "duration": "1h 46min", "genres": null, "rating": "8.4", "url": "https://www.imdb.com/title/tt5311514/"},
{"title": "Cậu Bé Nổi Loạn", "year": "2018", "duration": "2h 6min", "genres": null, "rating": "8.4", "url": "https://www.imdb.com/title/tt8267604/"},
{"title": "Anh Hùng Hamilton", "year": "2020", "duration": "2h 40min", "genres": null, "rating": "8.4", "url": "https://www.imdb.com/title/tt8503618/"},
{"title": "Ánh Sáng Đô Thị", "year": "1931", "duration": "1h 27min", "genres": null, "rating": "8.5", "url": "https://www.imdb.com/title/tt0021749/"},
{"title": "Người Nhện: Vũ Trụ Mới", "year": "2018", "duration": "1h 57min", "genres": null, "rating": "8.4", "url": "https://www.imdb.com/title/tt4633694/"},
{"title": "Thời Hiện Đại", "year": "1936", "duration": "1h 27min", "genres": null, "rating": "8.5", "url": "https://www.imdb.com/title/tt0027977/"},
{"title": "Bay Trên Tổ Chim Cúc Cu", "year": "1975", "duration": "2h 13min", "genres": null, "rating": "8.7", "url": "https://www.imdb.com/title/tt0073486/"},
{"title": "Ký Sinh Trùng", "year": "2019", "duration": "2h 12min", "genres": null, "rating": "8.6", "url": "https://www.imdb.com/title/tt6751668/"},
{"title": "Hố Đen Tử Thần", "year": "2014", "duration": "2h 49min", "genres": null, "rating": "8.6", "url": "https://www.imdb.com/title/tt0816692/"},
{"title": "Goodfellas", "year": "1990", "duration": "2h 26min", "genres": null, "rating": "8.7", "url": "https://www.imdb.com/title/tt0099685/"},
{"title": "Chiến Tranh Giữa Các Vì Sao Tập 5: Đế Chế Phản Công", "year": "1980", "duration": "2h 4min", "genres": null, "rating": "8.7", "url": "https://www.imdb.com/title/tt0080684/"},
{"title": "Ma Trận", "year": "1999", "duration": "2h 16min", "genres": null, "rating": "8.7", "url": "https://www.imdb.com/title/tt0133093/"},
{"title": "Thiện, Ác, Tà", "year": "1966", "duration": "2h 41min", "genres": null, "rating": "8.8", "url": "https://www.imdb.com/title/tt0060196/"},
{"title": "Chúa Tể Của Những Chiếc Nhẫn: Hai Tòa Tháp", "year": "2002", "duration": "2h 59min", "genres": null, "rating": "8.7", "url": "https://www.imdb.com/title/tt0167261/"},
{"title": "Cuộc Đời Forrest Gump", "year": "1994", "duration": "2h 22min", "genres": null, "rating": "8.8", "url": "https://www.imdb.com/title/tt0109830/"},
{"title": "Kẻ Đánh Cắp Giấc Mơ", "year": "2010", "duration": "2h 28min", "genres": null, "rating": "8.8", "url": "https://www.imdb.com/title/tt1375666/"},
{"title": "Chúa Tể Của Những Chiếc Nhẫn: Những Người Bạn Của Nhẫn", "year": "2001", "duration": "2h 58min", "genres": null, "rating": "8.8", "url": "https://www.imdb.com/title/tt0120737/"},
{"title": "Sàn Đấu Sinh Tử", "year": "1999", "duration": "2h 19min", "genres": null, "rating": "8.8", "url": "https://www.imdb.com/title/tt0137523/"},
{"title": "Bản Danh Sách Của Schindler", "year": "1993", "duration": "3h 15min", "genres": null, "rating": "8.9", "url": "https://www.imdb.com/title/tt0108052/"},
{"title": "Pulp Fiction", "year": "1994", "duration": "2h 34min", "genres": null, "rating": "8.9", "url": "https://www.imdb.com/title/tt0110912/"},
{"title": "12 Người Đàn Ông Giận Dữ", "year": "1957", "duration": "1h 36min", "genres": null, "rating": "9.0", "url": "https://www.imdb.com/title/tt0050083/"},
{"title": "Chúa Tể Của Những Chiếc Nhẫn: Sự Quay Trở Lại Của Nhà Vua", "year": "2003", "duration": "3h 21min", "genres": null, "rating": "8.9", "url": "https://www.imdb.com/title/tt0167260/"},
{"title": "Bố Già Phần II", "year": "1974", "duration": "3h 22min", "genres": null, "rating": "9.0", "url": "https://www.imdb.com/title/tt0071562/"},
{"title": "Bố Già", "year": "1972", "duration": "2h 55min", "genres": null, "rating": "9.2", "url": "https://www.imdb.com/title/tt0068646/"},
{"title": "Kỵ Sĩ Bóng Đêm", "year": "2008", "duration": "2h 32min", "genres": null, "rating": "9.0", "url": "https://www.imdb.com/title/tt0468569/"}
]